{"sim_id": "0007", "times": [-10.0, -9.0, -8.0, -7.0, -6.0, -5.0, -4.0, -3.0, -2.0, -1.0, 0.0, 1.0, 2.0, 3.0, 4.0, 5.0, 6.0, 7.0, 8.0, 9.0, 10.0, 11.0, 12.0, 13.0, 14.0, 15.0, 16.0, 17.0, 18.0, 19.0, 20.0, 21.0, 22.0, 23.0, 24.0, 25.0, 26.0, 27.0, 28.0, 29.0, 30.0, 31.0, 32.0, 33.0, 34.0, 35.0, 36.0, 37.0, 38.0, 39.0, 40.0, 41.0, 42.0, 43.0, 44.0, 45.0, 46.0, 47.0, 48.0, 49.0, 50.0, 51.0, 52.0, 53.0, 54.0, 55.0, 56.0, 57.0, 58.0, 59.0, 60.0], "Mf": 0.9513321858337136, "chif": 0.6851534087154947, "spherical_modes": [[2, 2], [3, 2]], "threshold": 0.9999, "initial_modes": [], "candidate_modes": [[2, 2, 0, 1], [2, 2, 0, -1], [2, 2, 1, 1], [2, 2, 1, -1], [2, 2, 2, 1], [2, 2, 2, -1], [2, 2, 3, 1], [2, 2, 3, -1], [2, 2, 4, 1], [2, 2, 4, -1], [2, 2, 5, 1], [2, 2, 5, -1], [2, 2, 6, 1], [2, 2, 6, -1], [3, 2, 0, 1], [3, 2, 0, -1], [3, 2, 1, 1], [3, 2, 1, -1], [3, 2, 2, 1], [3, 2, 2, -1], [3, 2, 3, 1], [3, 2, 3, -1], [3, 2, 4, 1], [3, 2, 4, -1], [3, 2, 5, 1], [3, 2, 5, -1], [3, 2, 6, 1], [3, 2, 6, -1], [2, 2], [3, 2], [2, 2, "DW"]], "include_chif": false, "include_Mf": false, "modes": [[[2, 2, 0, 1], [2, 2, 1, 1], [2, 2, 2, 1], [2, 2, 3, 1], [2, 2, 4, 1], [2, 2, 5, 1], [2, 2, 6, 1], [2, 2, 3, -1], [2, 2, 4, -1], [2, 2, 5, -1], [2, 2, 2, -1], [2, 2, 6, -1], [3, 2, 0, 1], [3, 2, 1, 1], [3, 2, 2, 1], [3, 2, 3, 1], [2, 2, "DW"], [3, 2, 4, 1], [3, 2, 5, 1], [3, 2, 6, 1], [3, 2, 6, -1], [3, 2, 4, -1], [3, 2, 5, -1], [3, 2, 3, -1], [3, 2, 2, -1], [3, 2, 1, -1], [2, 2, 1, -1], [2, 2], [3, 2]], [[2, 2, 0, 1], [2, 2, 1, 1], [2, 2, 2, 1], [2, 2, 3, 1], [2, 2, 4, 1], [2, 2, 5, 1], [2, 2, 6, 1], [2, 2, 3, -1], [2, 2, 4, -1], [2, 2, 5, -1], [3, 2, 0, 1], [3, 2, 1, 1], [3, 2, 2, 1], [3, 2, 3, 1], [3, 2, 4, 1], [2, 2, "DW"], [3, 2, 5, 1], [3, 2, 6, 1], [3, 2, 4, -1], [3, 2, 5, -1], [3, 2, 6, -1], [3, 2, 3, -1], [2, 2, 2, -1], [3, 2, 2, -1], [2, 2, 6, -1], [3, 2, 1, -1], [2, 2, 1, -1], [3, 2]], [[2, 2, 0, 1], [2, 2, 1, 1], [2, 2, 2, 1], [2, 2, 3, 1], [2, 2, 4, 1], [2, 2, 5, 1], [2, 2, 6, 1], [2, 2, 3, -1], [2, 2, 4, -1], [3, 2, 0, 1], [3, 2, 1, 1], [3, 2, 2, 1], [3, 2, 3, 1], [2, 2, "DW"], [3, 2, 4, 1], [3, 2, 5, 1], [3, 2, 6, 1], [3, 2, 6, -1], [3, 2, 5, -1], [3, 2, 4, -1], [2, 2, 5, -1], [3, 2, 3, -1], [2, 2, 2, -1], [3, 2, 2, -1], [2, 2, 6, -1], [3, 2, 1, -1], [2, 2, 1, -1]], [[2, 2, 0, 1], [2, 2, 1, 1], [2, 2, 2, 1], [2, 2, 3, 1], [2, 2, 4, 1], [2, 2, 5, 1], [2, 2, 6, 1], [2, 2, 3, -1], [3, 2, 0, 1], [3, 2, 1, 1], [3, 2, 2, 1], [3, 2, 3, 1], [2, 2, "DW"], [3, 2, 4, 1], [3, 2, 5, 1], [3, 2, 6, 1], [3, 2, 5, -1], [3, 2, 4, -1], [2, 2, 4, -1], [3, 2, 6, -1], [2, 2, 5, -1], [2, 2, 6, -1], [3, 2, 3, -1], [2, 2, 2, -1], [3, 2, 2, -1], [3, 2, 1, -1], [2, 2, 1, -1]], [[2, 2, 0, 1], [2, 2, 1, 1], [2, 2, 2, 1], [2, 2, 3, 1], [2, 2, 4, 1], [2, 2, 5, 1], [2, 2, 6, 1], [3, 2, 0, 1], [3, 2, 1, 1], [3, 2, 2, 1], [3, 2, 3, 1], [3, 2, 4, 1], [2, 2, "DW"], [3, 2, 5, 1], [3, 2, 6, 1], [2, 2, 4, -1], [3, 2, 6, -1], [2, 2, 3, -1], [3, 2, 5, -1], [2, 2, 5, -1], [3, 2, 4, -1], [2, 2, 6, -1], [3, 2, 3, -1], [2, 2, 2, -1], [3, 2, 2, -1], [3, 2, 1, -1], [2, 2, 1, -1]], [[2, 2, 0, 1], [2, 2, 1, 1], [2, 2, 2, 1], [2, 2, 3, 1], [2, 2, 4, 1], [2, 2, 5, 1], [2, 2, 6, 1], [3, 2, 0, 1], [3, 2, 1, 1], [3, 2, 2, 1], [3, 2, 3, 1], [2, 2, "DW"], [3, 2, 4, 1], [3, 2, 5, 1], [3, 2, 6, 1], [2, 2, 4, -1], [2, 2, 6, -1], [3, 2, 4, -1], [2, 2, 5, -1], [3, 2, 5, -1], [2, 2, 3, -1], [3, 2, 6, -1], [3, 2, 3, -1], [2, 2, 2, -1], [3, 2, 2, -1], [3, 2, 1, -1], [2, 2, 1, -1]], [[2, 2, 0, 1], [2, 2, 1, 1], [2, 2, 2, 1], [2, 2, 3, 1], [2, 2, 4, 1], [2, 2, 5, 1], [3, 2, 0, 1], [3, 2, 1, 1], [3, 2, 2, 1], [3, 2, 3, 1], [2, 2, "DW"], [3, 2, 4, 1], [3, 2, 5, 1], [2, 2, 6, 1], [3, 2, 6, 1], [2, 2, 4, -1], [2, 2, 6, -1], [3, 2, 4, -1], [2, 2, 5, -1], [3, 2, 5, -1], [2, 2, 2, -1], [3, 2, 6, -1], [3, 2, 3, -1], [2, 2, 3, -1], [3, 2, 2, -1], [2, 2, 1, -1], [3, 2, 1, -1]], [[2, 2, 0, 1], [2, 2, 1, 1], [2, 2, 2, 1], [2, 2, 3, 1], [2, 2, 4, 1], [2, 2, 5, 1], [3, 2, 0, 1], [3, 2, 1, 1], [3, 2, 2, 1], [3, 2, 3, 1], [2, 2, "DW"], [3, 2, 4, 1], [3, 2, 5, 1], [2, 2, 6, 1], [3, 2, 6, 1], [2, 2, 4, -1], [2, 2, 6, -1], [3, 2, 4, -1], [2, 2, 3, -1], [3, 2, 5, -1], [3, 2, 6, -1], [2, 2, 5, -1], [3, 2, 3, -1], [2, 2, 2, -1], [3, 2, 2, -1], [2, 2, 1, -1], [3, 2, 1, -1]], [[2, 2, 0, 1], [2, 2, 1, 1], [2, 2, 2, 1], [2, 2, 3, 1], [2, 2, 4, 1], [3, 2, 0, 1], [3, 2, 1, 1], [3, 2, 2, 1], [3, 2, 3, 1], [2, 2, "DW"], [3, 2, 4, 1], [2, 2, 5, 1], [3, 2, 5, 1], [2, 2, 6, 1], [3, 2, 6, 1], [2, 2, 4, -1], [2, 2, 5, -1], [3, 2, 4, -1], [2, 2, 2, -1], [3, 2, 5, -1], [3, 2, 6, -1], [2, 2, 6, -1], [3, 2, 3, -1], [2, 2, 3, -1], [3, 2, 2, -1], [2, 2, 1, -1], [3, 2, 1, -1]], [[2, 2, 0, 1], [2, 2, 1, 1], [2, 2, 2, 1], [2, 2, 3, 1], [3, 2, 0, 1], [3, 2, 1, 1], [3, 2, 2, 1], [2, 2, "DW"], [3, 2, 3, 1], [2, 2, 4, 1], [3, 2, 4, 1], [2, 2, 5, 1], [3, 2, 5, 1], [2, 2, 6, 1], [3, 2, 6, 1], [2, 2, 4, -1], [2, 2, 5, -1], [3, 2, 5, -1], [2, 2, 2, -1], [3, 2, 6, -1], [3, 2, 4, -1], [2, 2, 6, -1], [3, 2, 3, -1], [2, 2, 3, -1], [3, 2, 2, -1], [2, 2, 1, -1], [3, 2, 1, -1]], [[2, 2, 0, 1], [2, 2, 1, 1], [2, 2, 2, 1], [2, 2, 3, 1], [3, 2, 0, 1], [3, 2, 1, 1], [3, 2, 2, 1], [2, 2, "DW"], [3, 2, 3, 1], [2, 2, 4, 1], [3, 2, 4, 1], [2, 2, 5, 1], [3, 2, 5, 1], [2, 2, 6, 1], [3, 2, 6, 1], [2, 2, 4, -1], [2, 2, 3, -1], [3, 2, 5, -1], [3, 2, 6, -1], [2, 2, 6, -1], [3, 2, 4, -1], [2, 2, 5, -1], [3, 2, 3, -1], [2, 2, 2, -1], [3, 2, 2, -1]], [[2, 2, 0, 1], [2, 2, 1, 1], [2, 2, 2, 1], [2, 2, 3, 1], [3, 2, 0, 1], [3, 2, 1, 1], [3, 2, 2, 1], [2, 2, "DW"], [3, 2, 3, 1], [2, 2, 4, 1], [3, 2, 4, 1], [2, 2, 5, 1], [3, 2, 5, 1], [2, 2, 6, 1], [3, 2, 6, 1], [2, 2, 4, -1], [2, 2, 2, -1], [3, 2, 5, -1], [3, 2, 6, -1], [2, 2, 6, -1], [3, 2, 4, -1], [2, 2, 5, -1]], [[2, 2, 0, 1], [2, 2, 1, 1], [2, 2, 2, 1], [3, 2, 0, 1], [3, 2, 1, 1], [2, 2, "DW"], [3, 2, 2, 1], [2, 2, 3, 1], [3, 2, 3, 1], [2, 2, 4, 1], [3, 2, 4, 1], [2, 2, 5, 1], [3, 2, 5, 1], [2, 2, 6, 1], [3, 2, 6, 1], [2, 2, 4, -1], [3, 2, 6, -1], [2, 2, 6, -1], [3, 2, 5, -1], [2, 2, 5, -1], [3, 2, 4, -1]], [[2, 2, 0, 1], [2, 2, 1, 1], [2, 2, 2, 1], [3, 2, 0, 1], [3, 2, 1, 1], [2, 2, "DW"], [3, 2, 2, 1], [2, 2, 3, 1], [3, 2, 3, 1], [2, 2, 4, 1], [3, 2, 4, 1], [2, 2, 5, 1], [3, 2, 5, 1], [2, 2, 6, 1], [3, 2, 6, 1], [2, 2, 5, -1], [3, 2, 6, -1], [2, 2, 6, -1], [3, 2, 5, -1], [3, 2, 4, -1], [3, 2, 3, -1], [3, 2, 2, -1]], [[2, 2, 0, 1], [2, 2, 1, 1], [2, 2, 2, 1], [3, 2, 0, 1], [3, 2, 1, 1], [2, 2, "DW"], [3, 2, 2, 1], [2, 2, 3, 1], [3, 2, 3, 1], [2, 2, 4, 1], [3, 2, 4, 1], [2, 2, 5, 1], [3, 2, 5, 1], [2, 2, 6, 1], [3, 2, 6, 1], [2, 2, 5, -1], [3, 2, 6, -1], [3, 2, 5, -1], [3, 2, 4, -1], [3, 2, 3, -1], [3, 2, 2, -1]], [[2, 2, 0, 1], [2, 2, 1, 1], [3, 2, 0, 1], [2, 2, 2, 1], [3, 2, 1, 1], [2, 2, "DW"], [3, 2, 2, 1], [2, 2, 3, 1], [3, 2, 3, 1], [2, 2, 4, 1], [3, 2, 4, 1], [2, 2, 5, 1], [3, 2, 5, 1], [3, 2, 6, 1], [3, 2, 6, -1], [3, 2, 5, -1], [3, 2, 4, -1], [3, 2, 3, -1], [2, 2, 3, -1], [3, 2, 2, -1]], [[2, 2, 0, 1], [2, 2, 1, 1], [3, 2, 0, 1], [3, 2, 1, 1], [2, 2, "DW"], [2, 2, 2, 1], [3, 2, 2, 1], [2, 2, 3, 1], [3, 2, 3, 1], [2, 2, 4, 1], [3, 2, 4, 1], [2, 2, 3, -1], [3, 2, 5, 1], [3, 2, 6, 1], [3, 2, 5, -1], [3, 2, 6, -1], [3, 2, 4, -1], [3, 2, 3, -1], [2, 2, 5, 1]], [[2, 2, 0, 1], [2, 2, 1, 1], [3, 2, 0, 1], [3, 2, 1, 1], [2, 2, "DW"], [2, 2, 2, 1], [3, 2, 2, 1], [2, 2, 3, 1], [3, 2, 3, 1], [2, 2, 4, 1], [3, 2, 4, 1], [3, 2, 5, 1], [3, 2, 6, 1], [3, 2, 6, -1], [3, 2, 5, -1], [2, 2, 3, -1], [3, 2, 4, -1]], [[2, 2, 0, 1], [2, 2, 1, 1], [3, 2, 0, 1], [3, 2, 1, 1], [2, 2, "DW"], [2, 2, 2, 1], [3, 2, 2, 1], [2, 2, 3, 1], [3, 2, 3, 1], [2, 2, 4, 1], [3, 2, 4, 1], [3, 2, 5, 1], [3, 2, 6, 1], [3, 2, 6, -1], [3, 2, 5, -1], [3, 2, 4, -1], [2, 2, 5, 1]], [[2, 2, 0, 1], [2, 2, 1, 1], [3, 2, 0, 1], [3, 2, 1, 1], [2, 2, "DW"], [2, 2, 2, 1], [3, 2, 2, 1], [2, 2, 3, 1], [3, 2, 3, 1], [3, 2, 4, 1], [3, 2, 5, 1], [3, 2, 6, 1], [2, 2, 4, 1], [3, 2, 6, -1], [3, 2, 5, -1], [2, 2, 5, 1], [3, 2, 4, -1]], [[2, 2, 0, 1], [2, 2, 1, 1], [3, 2, 0, 1], [3, 2, 1, 1], [2, 2, "DW"], [2,